{"train_loss": [1.9380213693410409, 1.8237570824743319, 1.8148618405606567, 1.8155345986871159, 1.7832045975853414, 1.7886204038347517, 1.7862689054312826, 1.7672978890042346, 1.7660648261799532, 1.7597933697099446, 1.7498888548682718, 1.7617115163001693, 1.7470481165316927, 1.7524221404259945, 1.7470137191419841, 1.7386847203519165, 1.7357753695560103, 1.7249176452139847, 1.7087651651446558, 1.7131932332736104, 1.706088628087725, 1.7108559999145379, 1.7124174502717346, 1.7175309638015361, 1.7087621538578963, 1.7074640127791076, 1.7111411355122799, 1.6971152399768348, 1.6898776823733033, 1.698510587716303, 1.695579432639755, 1.6954204986075394, 1.6785645885627811, 1.6723146238246887, 1.6909034292237097, 1.6783663184702897, 1.687552343897459, 1.6868747162217854, 1.68677108027354, 1.67454879624503, 1.6725726478240068, 1.6720597233091081, 1.6668898668609748, 1.6738223268204377, 1.6627727456453467, 1.6823836284525253, 1.6683909442244458, 1.6729949442278438, 1.6651763094573462, 1.673361836361284, 1.6663349486198746, 1.6633500041080123, 1.6574626640111458, 1.6574646104283695, 1.6568533001827592, 1.673314791767537], "val_loss": [2.964733762618823, 2.8847579803222265, 2.8786138693491616, 2.86088710412001, 2.8607565745329246, 2.859363705683977, 2.8967614754652367, 2.876839925081302, 2.9098228307870717, 2.9091032529488587, 2.9255814796839004, 2.920248169165391, 2.951565843362075, 2.894013291750199, 2.921183806199294, 2.8905435494887524, 2.9023678241631923, 2.936291373693026, 2.8863893900162134, 2.949321147723076, 2.9181639628532605, 2.9212131867041955, 2.928550952520126, 2.9305412402519813, 2.9746050162193103, 2.907053678463667, 2.924664778587146, 2.937329955590077, 2.930412321518629, 2.973473399113386, 2.9355546877934384, 2.946970597291604, 2.9474284923993626, 2.9615628933295226, 2.9273727398652296, 2.950333057305752, 2.9472513733766017, 2.9370927535570583, 2.96254322773371, 2.9250207375257444, 2.960864482781826, 2.956474680166978, 2.990086738879864, 2.94947135142791, 2.945701085604154, 2.9820478420991163, 2.962425085214468, 2.9556700938787217, 2.994230111440023, 2.987716693144578, 2.9823381320024147, 2.9875103663175535, 2.968496096439851, 2.975572032806201, 3.0177544997288632, 2.99077976666964]}